第一列部位,第二列数量
"['[胸部,平扫]']",1
"['[胸部,平扫+增强]', '[腹部（肝胆脾胰）,平扫+增强]', '[肾脏,平扫+增强]']",3
"['[胸部,平扫+增强]']",1
"['[上腹部,平扫+增强]', '[肾上腺,平扫+增强]', '[胸部,平扫+增强]']",3
"['[胸部,平扫+增强]']",1
"['[胸部,平扫+增强]', '[上腹部,平扫+增强]', '[下腹部,平扫+增强]']",3
"['[胸部气管支气管肿瘤,增强+三维重建]', '[上腹部,平扫+增强]', '[肾脏,平扫+增强]']",3
"['[胸部,平扫]']",1
"['[胸部,平扫+增强]', '[冠状动脉,增强+三维重建]']",2
"['[胸部,平扫+增强]']",1
"['[胸部,平扫+增强]', '[头,平扫+增强]']",2
"['[胸部,平扫]']",1
"['[胸部,平扫+增强]']",1
"['[肺动脉造影重构,平扫+增强]']",1
"['[冠脉造影]', '[胸部,平扫+增强]']",2
"['[胸部,平扫+增强]']",1
"['[冠状动脉三维重建,平扫+增强]', '[胸部,平扫+增强]']",2
"['[胸部,平扫+增强]', '[上腹部,平扫+增强]', '[肾上腺,平扫+增强]']",3
"['[胸部,平扫+增强]']",1
"['[胸部,平扫+增强]', '[上腹部,平扫+增强]', '[肾脏,平扫+增强]']",3
"['[胸部,平扫+增强]']",1
"['[胸部,平扫]', '[冠状动脉三维重建,平扫+增强]']",2
"['[胸部气管支气管肿瘤,增强+三维重建]']",1
"['[胸部,平扫+增强]']",1
"['[冠状动脉三维重建,平扫+增强]', '[胸部,平扫+增强]']",2
"['[胸部,平扫+增强]']",1
"['[盆腔,平扫+增强]', '[肾上腺,平扫+增强]', '[上腹部,平扫+增强]', '[胸部气管支气管肿瘤,增强+三维重建]']",4
"['[胸部,平扫+增强]', '[胸部肋骨,平扫+三维重建]']",2
"['[胸部,平扫+增强]']",1
"['[冠脉造影]', '[胸部,平扫+增强]']",2
"['[胸部,平扫]']",1
"['[胸部气管支气管肿瘤,增强+三维重建]']",1
"['[胸部,平扫+增强]']",1
"['[上腹部,平扫+增强]', '[胸部,平扫+增强]']",2
"['[胸部,平扫+增强]']",1
"['[胸部,平扫+增强]']",1
"['[胸部,平扫+增强]']",1
"['[胸部,平扫]']",1
"['[腹部（肝胆脾胰）,平扫]', '[胸部,平扫]', '[盆腔,平扫]']",3
"['[上腹部,平扫+增强]', '[胸部,平扫+增强]', '[下腹部,平扫+增强]']",3
"['[上腹部,平扫+增强]', '[肾脏,平扫+增强]', '[胸部,平扫+增强]']",3
"['[胸部,平扫]']",1
"['[胸部,平扫+增强]']",1
"['[腹部（肝胆脾胰）,平扫+增强]', '[胸部,平扫+增强]', '[肾脏,平扫+增强]']",3
"['[胸部,平扫]']",1
"['[胸部,平扫+增强]', '[腹部（肝胆脾胰）,平扫+增强]', '[下腹部,平扫+增强]']",3
"['[胸部,平扫+增强]']",1
"['[胸部,平扫]']",1
"['[胸部,平扫]', '[胸部胸廓骨骼,平扫+三维重建]']",2
"['[胸部,平扫+增强]']",1
"['[胸部,平扫+增强]']",1
"['[胸部,平扫]']",1
"['[胸部,平扫]']",1
"['[胸部,平扫]']",1
"['[胸部,平扫]']",1
"['[胸部,平扫]']",1
"['[冠状动脉三维重建,平扫+增强]', '[胸部,平扫+增强]']",2
"['[胸部,平扫+增强]']",1
"['[腹部（肝胆脾胰）,平扫+增强]', '[胸部,平扫+增强]']",2
"['[冠状动脉三维重建,平扫+增强]', '[胸部,平扫]']",2
"['[上腹部,平扫+增强]', '[胸部,平扫+增强]', '[肾上腺,平扫+增强]']",3
"['[胸部,平扫+增强]']",1
"['[胸部,平扫]']",1
"['[副鼻窦,平扫]', '[胸部,平扫]', '[肺动脉造影重构,平扫+增强]']",3
"['[胸部,平扫]']",1
"['[胸部,平扫]']",1
"['[胸部,平扫+增强]']",1
"['[胸部,平扫]', '[胸部胸廓骨骼,平扫+三维重建]']",2
"['[胸部,平扫+增强]']",1
"['[胸部,平扫]']",1
"['[胸部,平扫]']",1
"['[胸部,平扫+增强]', '[上腹部,平扫+增强]']",2
"['[胸部,平扫]']",1
"['[胸部,平扫+增强]']",1
"['[胸部,平扫]']",1
"['[胸部,平扫+增强]']",1
"['[胸部,平扫]']",1
"['[胸部,平扫+增强]']",1
"['[胸部,平扫]']",1
"['[冠脉造影]', '[胸部,平扫+增强]']",2
"['[胸部,平扫+增强]']",1
"['[胸部,平扫+增强]']",1
"['[胸部,平扫+增强]']",1
"['[胸部,平扫+增强]']",1
"['[冠脉造影]', '[胸部,平扫+增强]']",2
"['[腹部（肝胆脾胰）,平扫+增强]', '[胸部,平扫+增强]', '[下腹部,平扫+增强]']",3
"['[胸部,平扫+增强]']",1
"['[胸部,平扫+增强]']",1
"['[冠脉造影]', '[胸部,平扫]']",2
"['[胸部,平扫]']",1
"['[胸部,平扫+增强]', '[肾上腺,平扫+增强]', '[上腹部,平扫+增强]']",3
"['[上腹部,平扫+增强]', '[肾脏,平扫+增强]', '[胸部,平扫+增强]']",3
"['[胸部,平扫+增强]']",1
"['[上腹部,平扫+增强]', '[肾上腺,平扫+增强]', '[胸部,平扫+增强]']",3
"['[胸部,平扫+增强]']",1
"['[胸部,平扫+增强]']",1
"['[胸部,平扫+增强]', '[鼻咽,平扫+增强]']",2
"['[胸部,平扫]']",1
"['[胸部,平扫]', '[冠状动脉三维重建,平扫+增强]']",2
"['[胸部,平扫+增强]']",1
"['[冠脉造影]', '[胸部,平扫+增强]']",2
"['[胸部,平扫+增强]']",1
"['[上腹部,平扫+增强]', '[胸部,平扫+增强]', '[下腹部,平扫+增强]']",3
"['[胸部,平扫+增强]']",1
"['[胸部,平扫]']",1
"['[胸部,平扫+增强]']",1
"['[肾脏,平扫+增强]', '[胸部,平扫+增强]', '[上腹部,平扫+增强]']",3
"['[腹部（肝胆脾胰）,平扫+增强]', '[肾上腺,平扫+增强]', '[胸部,平扫+增强]']",3
"['[腹部（肝胆脾胰）,平扫+增强]', '[下腹部,平扫+增强]', '[胸部,平扫+增强]']",3
"['[胸部,平扫+增强]']",1
"['[胸部,平扫+增强]']",1
"['[胸部,平扫]']",1
"['[肾脏,平扫+增强]', '[上腹部,平扫+增强]', '[胸部,平扫+增强]']",3
"['[胸部,平扫+增强]']",1
"['[胸部,平扫]']",1
"['[胸部,平扫+增强]', '[副鼻窦,平扫]']",2
"['[肾脏,平扫+增强]', '[胸部,平扫+增强]', '[上腹部,平扫+增强]']",3
"['[上腹部,平扫+增强]', '[胸部,平扫+增强]', '[下腹部,平扫+增强]']",3
"['[冠状动脉三维重建,平扫+增强]', '[胸部,平扫+增强]']",2
"['[胸部,平扫+增强]', '[肾上腺,平扫+增强]', '[上腹部,平扫+增强]', '[头,平扫]']",4
"['[肾上腺,平扫+增强]', '[胸部,平扫+增强]', '[上腹部,平扫+增强]']",3
"['[冠状动脉三维重建,平扫+增强]', '[胸部,平扫+增强]']",2
"['[胸部,平扫]']",1
"['[上腹部,平扫+增强]', '[肾脏,平扫+增强]', '[胸部,平扫+增强]']",3
"['[胸部,平扫]']",1
"['[胸部,平扫]']",1
"['[胸部,平扫+增强]']",1
"['[腹部（肝胆脾胰）,平扫+增强]', '[肾上腺,平扫+增强]', '[胸部,平扫+增强]']",3
"['[胸部,平扫]']",1
"['[胸部,平扫+增强]']",1
"['[胸部,平扫]']",1
"['[胸部,平扫]']",1
"['[胸部,平扫+增强]']",1
"['[胸部,平扫+增强]']",1
"['[胸部,平扫]']",1
"['[胸部,平扫]']",1
"['[肾上腺,平扫+增强]', '[上腹部,平扫+增强]', '[胸部,平扫+增强]']",3
"['[胸部,平扫+增强]']",1
"['[胸部,平扫]']",1
"['[胸部,平扫+增强]', '[肾脏,平扫+增强]']",2
"['[胸部,平扫+增强]', '[上腹部,平扫+增强]', '[下腹部,平扫+增强]']",3
"['[肾脏,平扫+增强]', '[胸部,平扫+增强]', '[上腹部,平扫+增强]']",3
"['[上腹部,平扫+增强]', '[胸部,平扫+增强]', '[下腹部,平扫+增强]']",3
"['[胸部,平扫+增强]']",1
"['[腹部（肝胆脾胰）,平扫+增强]', '[胸部,平扫+增强]', '[肾脏,平扫+增强]', '[头,平扫+增强]']",4
"['[胸部,平扫+增强]']",1
"['[胸部,平扫]']",1
"['[胸部,平扫+增强]']",1
"['[冠状动脉三维重建,平扫+增强]', '[胸部,平扫]']",2
"['[胸部,平扫+增强]']",1
"['[胸部,平扫+增强]']",1
"['[胸部,平扫]']",1
"['[胸部,平扫+增强]']",1
"['[胸部,平扫]']",1
"['[胸部,平扫+增强]']",1
"['[胸部,平扫+增强]']",1
"['[胸部,平扫]']",1
"['[胸部,平扫]']",1
"['[胸部,平扫+增强]']",1
"['[胸部,平扫+增强]']",1
"['[腹部（肝胆脾胰）,平扫+增强]', '[胸部,平扫+增强]', '[肾脏,平扫+增强]']",3
"['[胸部,平扫+增强]']",1
"['[胸部,平扫]']",1
"['[胸部,平扫]']",1
"['[胸部,平扫+增强]', '[冠状动脉三维重建,平扫+增强]']",2
"['[胸部,平扫]']",1
"['[胸部,平扫]']",1
"['[胸部,平扫]']",1
"['[胸部,平扫]', '[肾上腺,平扫]', '[上腹部,平扫]', '[头,平扫]']",4
"['[上腹部,平扫+增强]', '[胸部,平扫+增强]']",2
"['[胸部,平扫]']",1
"['[胸部,平扫+增强]']",1
"['[胸部,平扫]']",1
"['[上腹部,平扫+增强]', '[胸部,平扫]']",2
"['[腹部（肝胆脾胰）,平扫+增强]', '[胸部,平扫]', '[肾脏,平扫+增强]']",3
"['[胸部,平扫+增强]']",1
"['[冠状动脉三维重建,平扫+增强]', '[胸部,平扫+增强]']",2
"['[胸部,平扫+增强]']",1
"['[胸部,平扫]']",1
"['[胸部,平扫]']",1
"['[胸部,平扫]']",1
"['[胸部,平扫+增强]', '[上腹部,平扫+增强]', '[下腹部,平扫+增强]']",3
"['[冠脉造影]', '[胸部,平扫+增强]']",2
"['[冠状动脉三维重建,平扫+增强]', '[胸部,平扫+增强]']",2
"['[肾上腺,平扫+增强]', '[胸部,平扫+增强]', '[上腹部,平扫+增强]', '[鼻咽,平扫+增强]']",4
"['[胸部,平扫+增强]']",1
"['[胸部,平扫]']",1
"['[胸部,平扫+增强]']",1
"['[胸部,平扫+增强]', '[肾上腺,平扫+增强]', '[上腹部,平扫+增强]']",3
"['[胸部,平扫+增强]']",1
"['[胸部,平扫+增强]', '[冠状动脉,增强+三维重建]']",2
"['[腹部（肝胆脾胰）,平扫+增强]', '[肾上腺,平扫+增强]', '[胸部,平扫+增强]']",3
"['[上腹部,平扫+增强]', '[肾脏,平扫+增强]', '[胸部,平扫+增强]']",3
"['[胸部,平扫]']",1
"['[冠状动脉三维重建,平扫+增强]', '[胸部,平扫+增强]']",2
"['[胸部肺动脉血管,增强+三维重建]']",1
"['[胸部,平扫]']",1
"['[胸部,平扫]']",1
"['[胸部,平扫+增强]']",1
"['[胸部,平扫+增强]']",1
"['[胸部,平扫]']",1
"['[胸部,平扫]']",1
"['[胸部,平扫]']",1
"['[胸部,平扫+增强]']",1
"['[胸部,平扫+增强]']",1
"['[胸部,平扫+增强]', '[上腹部,平扫+增强]', '[下腹部,平扫+增强]']",3
"['[上腹部,平扫]', '[胸部,平扫]', '[肾上腺,平扫]']",3
"['[胸部,平扫]']",1
"['[腹部（肝胆脾胰）,平扫+增强]', '[下腹部,平扫+增强]', '[胸部,平扫+增强]']",3
"['[胸部,平扫+增强]']",1
"['[胸部,平扫+增强]']",1
"['[肾上腺,平扫+增强]', '[上腹部,平扫+增强]', '[胸部,平扫+增强]']",3
"['[胸部,平扫]']",1
"['[肾脏,平扫+增强]', '[胸部,平扫+增强]', '[上腹部,平扫+增强]']",3
"['[胸部,平扫+增强]']",1
"['[胸部,平扫]', '[副鼻窦,平扫]']",2
"['[胸部,平扫]']",1
"['[腹部（肝胆脾胰）,平扫+增强]', '[肾上腺,平扫+增强]', '[胸部,平扫+增强]']",3
"['[胸部,平扫+增强]']",1
"['[胸部,平扫+增强]']",1
"['[腹部（肝胆脾胰）,平扫+增强]', '[肾脏,平扫+增强]', '[胸部,平扫+增强]']",3
"['[胸部,平扫]']",1
"['[胸部,平扫+增强]', '[上腹部,平扫+增强]', '[肾上腺,平扫+增强]']",3
"['[上腹部,平扫]', '[胸部,平扫]', '[肾脏,平扫]']",3
"['[胸部,平扫]']",1
"['[胸部,平扫+增强]']",1
"['[腹部（肝胆脾胰）,平扫+增强]', '[胸部,平扫+增强]', '[肾脏,平扫+增强]']",3
"['[胸部,平扫+增强]']",1
"['[肺动脉造影重构,平扫+增强]']",1
"['[胸部,平扫+增强]']",1
"['[腹部（肝胆脾胰）,平扫+增强]', '[肾上腺,平扫+增强]', '[胸部,平扫+增强]']",3
"['[胸部,平扫]']",1
"['[胸部,平扫]']",1
"['[胸部,平扫+增强]', '[上腹部,平扫+增强]', '[肾上腺,平扫+增强]']",3
"['[胸部,平扫+增强]', '[上腹部,平扫+增强]', '[肾上腺,平扫+增强]']",3
"['[胸部,平扫+增强]', '[上腹部,平扫+增强]', '[肾上腺,平扫+增强]']",3
"['[胸部,平扫]']",1
"['[胸部,平扫+增强]', '[上腹部,平扫+增强]', '[肾上腺,平扫+增强]']",3
"['[腹部（肝胆脾胰）,平扫+增强]', '[胸部,平扫+增强]']",2
"['[胸部,平扫+增强]']",1
"['[胸部,平扫+增强]']",1
"['[胸部,平扫+增强]']",1
"['[胸部,平扫+增强]']",1
"['[胸部,平扫+增强]', '[下腹部,平扫+增强]']",2
"['[胸部,平扫+增强]', '[上腹部,平扫+增强]', '[肾上腺,平扫+增强]']",3
"['[胸部,平扫]']",1
"['[头,平扫+增强]', '[胸部,平扫+增强]', '[肾上腺,平扫+增强]', '[上腹部,平扫+增强]']",4
"['[肺动脉造影重构,平扫+增强]', '[其他]']",2
"['[腹部（肝胆脾胰）,平扫]', '[下腹部,平扫]', '[胸部,平扫]']",3
"['[胸部,平扫+增强]']",1
"['[腹部（肝胆脾胰）,平扫+增强]', '[肾上腺,平扫+增强]', '[胸部,平扫+增强]', '[头,平扫+增强]']",4
"['[胸部,平扫+增强]', '[上腹部,平扫+增强]', '[肾上腺,平扫+增强]']",3
"['[下腹部,平扫+增强]', '[腹部（肝胆脾胰）,平扫+增强]', '[胸部,平扫+增强]']",3
"['[胸部,平扫]']",1
"['[肾上腺,平扫+增强]', '[上腹部,平扫+增强]', '[胸部,平扫+增强]']",3
"['[腹部（肝胆脾胰）,平扫+增强]', '[肾上腺,平扫+增强]', '[胸部,平扫+增强]']",3
"['[腹部（肝胆脾胰）,平扫]', '[肾脏,平扫]', '[胸部,平扫]']",3
"['[胸部,平扫+增强]']",1
"['[胸部,平扫+增强]']",1
"['[胸部,平扫]']",1
"['[胸部,平扫+增强]', '[副鼻窦,平扫+增强]']",2
"['[上腹部,平扫+增强]', '[胸部,平扫+增强]', '[下腹部,平扫+增强]']",3
"['[胸部,平扫]']",1
"['[腹部（肝胆脾胰）,平扫+增强]', '[胸部,平扫+增强]', '[肾脏,平扫+增强]']",3
"['[腹部（肝胆脾胰）,平扫+增强]', '[肾上腺,平扫+增强]', '[胸部,平扫+增强]']",3
"['[腹部（肝胆脾胰）,平扫+增强]', '[肾脏,平扫+增强]', '[胸部,平扫+增强]', '[头,平扫+增强]']",4
"['[胸部,平扫]']",1
"['[胸部,平扫+增强]']",1
"['[胸部,平扫+增强]']",1
"['[胸部,平扫+增强]', '[上腹部,平扫+增强]', '[肾上腺,平扫+增强]']",3
"['[胸部,平扫+增强]']",1
"['[胸部,平扫]']",1
"['[胸部,平扫+增强]']",1
"['[胸部,平扫]']",1
"['[胸部,平扫+增强]']",1
"['[胸部,平扫+增强]', '[其他]']",2
"['[胸部,平扫+增强]']",1
"['[胸部,平扫]']",1
"['[胸部,平扫]']",1
"['[腹部（肝胆脾胰）,平扫+增强]', '[肾脏,平扫+增强]', '[胸部,平扫+增强]']",3
"['[腹部（肝胆脾胰）,平扫+增强]', '[盆腔,平扫+增强]', '[胸部,平扫+增强]']",3
"['[胸部,平扫+增强]', '[肾脏,平扫+增强]', '[腹部（肝胆脾胰）,平扫+增强]']",3
"['[胸部,平扫+增强]']",1
"['[腹部（肝胆脾胰）,平扫+增强]', '[胸部,平扫+增强]', '[下腹部,平扫+增强]']",3
"['[上腹部,平扫+增强]', '[胸部,平扫+增强]', '[肾脏,平扫+增强]']",3
"['[腹部（肝胆脾胰）,平扫+增强]', '[胸部,平扫+增强]', '[肾脏,平扫+增强]']",3
"['[胸部,平扫]']",1
"['[胸部,平扫+增强]']",1
"['[胸部,平扫+增强]', '[其他]']",2
"['[胸部,平扫]']",1
"['[胸部,平扫]']",1
"['[胸部,增强]']",1
"['[胸部,平扫+增强]']",1
"['[胸部,平扫]']",1
"['[胸部,平扫]']",1
"['[胸部,平扫+增强]', '[上腹部,平扫+增强]', '[肾上腺,平扫+增强]']",3
"['[胸部,平扫+增强]']",1
"['[胸部,平扫]']",1
"['[胸部,平扫+增强]', '[上腹部,平扫+增强]', '[下腹部,平扫+增强]']",3
"['[上腹部,平扫+增强]', '[肾脏,平扫+增强]', '[胸部,平扫+增强]']",3
"['[上腹部,平扫+增强]', '[下腹部,平扫+增强]', '[胸部,平扫+增强]']",3
"['[上腹部,平扫+增强]', '[肾上腺,平扫+增强]', '[胸部,平扫+增强]']",3
"['[胸部,平扫]']",1
"['[胸部,增强]', '[其他]']",2
"['[腹部（肝胆脾胰）,平扫+增强]', '[肾上腺,平扫+增强]', '[胸部,平扫+增强]']",3
"['[胸部,平扫]']",1
"['[胸部,平扫]']",1
"['[胸部,平扫+增强]', '[上腹部,平扫+增强]', '[肾上腺,平扫+增强]']",3
"['[胸部,平扫+增强]']",1
"['[上腹部,平扫+增强]', '[肾脏,平扫+增强]', '[胸部,平扫+增强]']",3
"['[胸部,平扫+增强]', '[其他]']",2
"['[胸部,平扫+增强]']",1
"['[胸部,平扫+增强]']",1
"['[胸部,平扫]']",1
"['[胸部,平扫]']",1
"['[肾脏,平扫+增强]', '[上腹部,平扫+增强]', '[胸部,平扫+增强]']",3
"['[肾脏,平扫+增强]', '[上腹部,平扫+增强]', '[胸部,平扫+增强]']",3
"['[胸部,平扫+增强]', '[其他]']",2
"['[胸部,平扫]']",1
"['[胸部,平扫]']",1
"['[上腹部,平扫+增强]', '[胸部,平扫+增强]', '[肾脏,平扫+增强]']",3
"['[胸部,平扫]']",1
"['[腹部（肝胆脾胰）,平扫+增强]', '[肾上腺,平扫+增强]', '[胸部,平扫+增强]']",3
"['[胸部,平扫+增强]', '[上腹部,平扫+增强]', '[下腹部,平扫+增强]']",3
"['[胸部,平扫+增强]']",1
"['[胸部,平扫]']",1
"['[胸部,平扫+增强]']",1
"['[胸部,平扫+增强]']",1
"['[胸部,平扫]']",1
"['[胸部,平扫+增强]']",1
"['[胸部,平扫]']",1
"['[胸部,平扫+增强]']",1
"['[胸部,平扫+增强]', '[其他]']",2
"['[胸部,平扫]']",1
"['[胸部,平扫+增强]']",1
"['[胸部,平扫+增强]']",1
"['[胸部,平扫+增强]']",1
"['[胸部,平扫]']",1
"['[胸部,平扫]']",1
"['[胸部,平扫+增强]']",1
"['[胸部,平扫+增强]']",1
"['[胸部,平扫]']",1
"['[腹部（肝胆脾胰）,平扫+增强]', '[肾脏,平扫+增强]', '[胸部,平扫+增强]']",3
"['[胸部,平扫+增强]']",1
"['[上腹部,平扫+增强]', '[肾脏,平扫+增强]', '[胸部,平扫+增强]']",3
"['[肾上腺,平扫+增强]', '[上腹部,平扫+增强]', '[胸部,平扫+增强]']",3
"['[胸部,平扫+增强]', '[其他]']",2
"['[胸部,平扫]']",1
"['[胸部,平扫]', '[上腹部,平扫]', '[肾上腺,平扫]']",3
"['[胸部,平扫]']",1
"['[胸部,平扫]']",1
"['[胸部,平扫]']",1
"['[胸部,平扫+增强]']",1
"['[胸部,平扫+增强]']",1
"['[胸部,平扫]']",1
"['[胸部,平扫]']",1
"['[胸部,平扫+增强]', '[上腹部,平扫+增强]', '[肾上腺,平扫+增强]']",3
"['[胸部,平扫+增强]']",1
"['[胸部,平扫]']",1
"['[腹部（肝胆脾胰）,平扫+增强]', '[肾上腺,平扫+增强]', '[胸部,平扫+增强]']",3
"['[胸部,平扫]']",1
"['[胸部,平扫]']",1
"['[肾脏,平扫+增强]', '[上腹部,平扫+增强]', '[胸部,平扫+增强]']",3
"['[副鼻窦,平扫]', '[胸部,平扫+增强]']",2
"['[胸部,平扫+增强]', '[其他]']",2
"['[上腹部,平扫+增强]', '[下腹部,平扫+增强]', '[胸部,平扫+增强]']",3
"['[胸部,平扫+增强]']",1
"['[胸部,平扫]']",1
"['[胸部,平扫]']",1
"['[胸部,平扫+增强]', '[其他]']",2
"['[胸部,平扫]']",1
"['[胸部,平扫+增强]']",1
"['[胸部,平扫]']",1
"['[胸部,平扫+增强]']",1
"['[胸部,平扫]']",1
"['[胸部,平扫]']",1
"['[胸部,平扫]']",1
"['[胸部,平扫+增强]']",1
"['[胸部,平扫+增强]']",1
"['[胸部,平扫+增强]']",1
"['[腹部（肝胆脾胰）,平扫+增强]', '[肾脏,平扫+增强]', '[胸部,平扫+增强]']",3
"['[胸部,平扫]']",1
"['[胸部,平扫+增强]']",1
"['[胸部,平扫]']",1
"['[胸部,平扫]']",1
"['[胸部,平扫]']",1
"['[胸部,平扫+增强]', '[其他]']",2
"['[胸部,平扫+增强]', '[其他]']",2
"['[胸部,平扫]']",1
"['[肾脏,平扫+增强]', '[上腹部,平扫+增强]', '[胸部,平扫+增强]']",3
"['[胸部,平扫]']",1
"['[胸部,平扫]']",1
"['[胸部,平扫]']",1
"['[胸部,平扫]']",1
"['[胸部,平扫]']",1
"['[胸部,平扫]', '[鼻窦,平扫]']",2
"['[胸部,平扫]']",1
"['[腹部（肝胆脾胰）,平扫+增强]', '[下腹部,平扫+增强]', '[胸部,平扫+增强]']",3
"['[胸部,平扫]']",1
"['[胸部,平扫+增强]']",1
"['[胸部,平扫]']",1
"['[胸部,平扫+增强]']",1
"['[胸部,平扫+增强]', '[其他]']",2
"['[腹部（肝胆脾胰）,平扫+增强]', '[肾脏,平扫+增强]', '[胸部,平扫+增强]']",3
"['[胸部,平扫+增强]']",1
"['[胸部,平扫]']",1
"['[胸部,平扫+增强]']",1
"['[胸部,平扫]']",1
"['[胸部,平扫]']",1
"['[上腹部,平扫+增强]', '[胸部,平扫+增强]']",2
"['[胸部,平扫+增强]']",1
"['[胸部,平扫]']",1
"['[上腹部,平扫+增强]', '[肾脏,平扫+增强]', '[胸部,平扫+增强]']",3
"['[胸部,平扫]']",1
"['[胸部,平扫+增强]', '[其他]']",2
"['[胸部,平扫]']",1
"['[胸部,平扫]']",1
"['[胸部,平扫]']",1
"['[胸部,平扫]']",1
"['[胸部,平扫+增强]']",1
"['[胸部,平扫]']",1
"['[胸部,平扫+增强]', '[其他]']",2
"['[胸部,平扫]']",1
"['[胸部,平扫]']",1
"['[胸部,平扫]']",1
"['[胸部,平扫]']",1
"['[胸部,平扫]']",1
"['[胸部,平扫]']",1
"['[胸部,平扫]']",1
"['[胸部,平扫]']",1
"['[胸部,平扫]']",1
"['[胸部,平扫+增强]']",1
"['[胸部,平扫]']",1
"['[胸部,平扫+增强]', '[冠脉造影]']",2
"['[胸部,平扫+增强]']",1
"['[胸部,平扫]']",1
"['[上腹部,平扫+增强]', '[肾脏,平扫+增强]', '[胸部,平扫+增强]']",3
"['[胸部,平扫+增强]']",1
"['[冠脉造影]', '[胸部,平扫+增强]']",2
"['[上腹部,平扫+增强]', '[胸部,平扫+增强]', '[肾上腺,平扫+增强]']",3
"['[胸部,平扫]']",1
"['[胸部,平扫+增强]', '[其他]']",2
"['[胸部,平扫]']",1
"['[胸部,平扫]']",1
"['[胸部,平扫+增强]', '[其他]']",2
"['[胸部,平扫]']",1
"['[胸部,平扫+增强]']",1
"['[上腹部,平扫+增强]', '[下腹部,平扫+增强]', '[胸部,平扫+增强]']",3
"['[胸部,平扫]']",1
"['[胸部,平扫]']",1
"['[胸部,平扫]']",1
"['[胸部,平扫+增强]', '[上腹部,平扫+增强]', '[下腹部,平扫+增强]']",3
"['[腹部（肝胆脾胰）,平扫+增强]', '[下腹部,平扫+增强]', '[胸部,平扫+增强]']",3
"['[下腹部,平扫+增强]', '[胸部,平扫+增强]']",2
"['[胸部,平扫]']",1
"['[胸部,平扫]']",1
"['[胸部,平扫]']",1
"['[肺动脉造影重构,平扫+增强]']",1
"['[胸部,平扫]']",1
"['[胸部,平扫]']",1
"['[胸部,平扫+增强]', '[冠脉造影]', '[肾脏,平扫+增强]', '[上腹部,平扫+增强]']",4
"['[肺结节,胸腔镜术前引导]', '[胸部,平扫]']",2
"['[胸部,平扫+增强]']",1
"['[肾脏,平扫+增强]', '[胸部,平扫+增强]', '[冠脉造影]', '[上腹部,平扫+增强]']",4
"['[胸部,平扫]', '[肺结节,三维重建]']",2
"['[胸部,平扫]']",1
"['[胸部,平扫+增强]', '[其他]']",2
"['[胸部,平扫+增强]', '[肺结节,三维重建]']",2
"['[胸部,平扫+增强]', '[其他]']",2
"['[胸部,平扫]', '[肺结节,胸腔镜术前引导]']",2
"['[肺结节,三维重建]']",1
"['[上腹部,平扫+增强]', '[胸部,平扫+增强]', '[肾脏,平扫+增强]', '[肺结节,胸腔镜术前引导]']",4
"['[胸部,平扫+增强]', '[冠脉造影]']",2
"['[胸部,平扫]']",1
"['[胸部,平扫]', '[肺结节,胸腔镜术前引导]']",2
"['[胸部,平扫]', '[肺结节,胸腔镜术前引导]']",2
"['[胸部,平扫]', '[肺结节,胸腔镜术前引导]']",2
"['[肾脏,平扫+增强]', '[上腹部,平扫+增强]', '[胸部,平扫+增强]']",3
"['[胸部,平扫]', '[肺结节,三维重建]']",2
"['[胸部,平扫+增强]', '[其他]']",2
"['[胸部,平扫]']",1
"['[胸部,平扫+增强]', '[冠状动脉,增强+三维重建]', '[肺结节,胸腔镜术前引导]']",3
"['[胸部,平扫+增强]']",1
"['[胸部,平扫]', '[肺结节,三维重建]', '[冠状动脉三维重建,平扫+增强]']",3
"['[胸部,平扫+增强]', '[其他]']",2
"['[胸部,平扫+增强]', '[冠状动脉,增强+三维重建]']",2
"['[胸部,平扫]']",1
"['[胸部,平扫]']",1
"['[胸部,平扫+增强]', '[上腹部,平扫+增强]', '[肾上腺,平扫+增强]']",3
"['[冠状动脉三维重建,平扫+增强]', '[胸部,平扫+增强]', '[肺结节,三维重建]']",3
"['[胸部,平扫+增强]', '[冠状动脉三维重建,平扫+增强]', '[肺结节,三维重建]']",3
"['[胸部,平扫+增强]', '[其他]']",2
"['[胸部,平扫]']",1
"['[腹部（肝胆脾胰）,平扫+增强]', '[肾上腺,平扫+增强]', '[胸部,平扫+增强]']",3
"['[胸部,平扫]', '[肺结节,胸腔镜术前引导]']",2
"['[胸部,平扫]', '[肺结节,胸腔镜术前引导]']",2
"['[胸部,平扫]', '[肺结节,胸腔镜术前引导]']",2
"['[胸部,平扫]', '[肺结节,胸腔镜术前引导]']",2
"['[胸部,平扫]']",1
"['[肺结节,胸腔镜术前引导]', '[胸部,平扫]']",2
"['[肺结节,三维重建]', '[胸部,平扫]']",2
"['[胸部,平扫]', '[肺结节,胸腔镜术前引导]']",2
"['[胸部,平扫+增强]', '[肺结节,三维重建]']",2
"['[胸部,平扫+增强]', '[肺结节,三维重建]']",2
"['[腹部（肝胆脾胰）,平扫+增强]', '[下腹部,平扫+增强]', '[胸部,平扫+增强]']",3
"['[胸部,平扫]']",1
"['[胸部,平扫]', '[肺结节,三维重建]']",2
"['[胸部,平扫+增强]', '[其他]']",2
"['[胸部,平扫]', '[肺结节,三维重建]']",2
"['[胸部,平扫+增强]', '[肺结节,三维重建]']",2
"['[胸部,平扫+增强]']",1
"['[胸部,平扫+增强]']",1
"['[胸部,平扫+增强]', '[肺结节,胸腔镜术前引导]']",2
"['[胸部,平扫+增强]', '[肾脏,平扫+增强]', '[上腹部,平扫+增强]']",3
"['[胸部,平扫]']",1
"['[胸部,平扫+增强]', '[肺结节,三维重建]']",2
"['[胸部,平扫]']",1
"['[胸部,平扫+增强]', '[其他]']",2
"['[胸部,平扫+增强]']",1
"['[上腹部,平扫+增强]', '[下腹部,平扫+增强]', '[胸部,平扫+增强]']",3
"['[胸部,平扫]']",1
"['[胸部,平扫+增强]', '[肺结节,三维重建]']",2
"['[冠状动脉三维重建,平扫+增强]', '[胸部,平扫+增强]']",2
"['[胸部,平扫]', '[肺结节,三维重建]']",2
"['[胸部,平扫]', '[肺结节,胸腔镜术前引导]']",2
"['[胸部,平扫]', '[肺结节,胸腔镜术前引导]']",2
"['[胸部,平扫]', '[肺结节,三维重建]']",2
"['[胸部,平扫+增强]', '[肺结节,胸腔镜术前引导]']",2
"['[胸部,平扫+增强]', '[上腹部,平扫+增强]', '[肾上腺,平扫+增强]']",3
"['[胸部,平扫+增强]']",1
"['[胸部,平扫]', '[肺结节,三维重建]']",2
"['[腹部（肝胆脾胰）,平扫+增强]', '[肾上腺,平扫+增强]', '[胸部,平扫+增强]', '[冠状动脉三维重建,平扫+增强]']",4
"['[胸部,平扫+增强]']",1
"['[胸部,平扫]']",1
"['[胸部,平扫+增强]']",1
"['[胸部,平扫]']",1
"['[胸部,平扫]']",1
"['[腹部（肝胆脾胰）,平扫+增强]', '[下腹部,平扫+增强]', '[胸部,平扫+增强]']",3
"['[腹部（肝胆脾胰）,平扫+增强]', '[肾脏,平扫+增强]', '[胸部,平扫+增强]', '[冠状动脉三维重建,平扫+增强]']",4
"['[胸部,平扫]', '[肺结节,胸腔镜术前引导]']",2
"['[胸部,平扫+增强]']",1
"['[冠状动脉三维重建,平扫+增强]', '[腹部（肝胆脾胰）,平扫+增强]', '[肾脏,平扫+增强]', '[胸部,平扫+增强]']",4
"['[胸部,平扫+增强]', '[肺结节,三维重建]']",2
"['[腹部（肝胆脾胰）,平扫+增强]', '[肾上腺,平扫+增强]', '[冠状动脉三维重建,平扫+增强]', '[胸部,平扫+增强]']",4
"['[胸部,平扫+增强]', '[其他]']",2
"['[胸部,平扫+增强]']",1
"['[胸部,平扫]', '[肺结节,三维重建]']",2
"['[腹部（肝胆脾胰）,平扫+增强]', '[下腹部,平扫+增强]', '[胸部,平扫+增强]']",3
"['[胸部,平扫]', '[肺结节,胸腔镜术前引导]']",2
"['[胸部,平扫+增强]', '[其他]']",2
"['[胸部,平扫]', '[肺结节,三维重建]']",2
"['[冠状动脉三维重建,平扫+增强]', '[胸部,平扫+增强]', '[肺结节,三维重建]']",3
"['[胸部,平扫+增强]', '[肺结节,胸腔镜术前引导]']",2
"['[胸部,平扫]', '[肺结节,三维重建]']",2
"['[胸部支气管动脉血管,增强+三维重建]']",1
"['[胸部,平扫+增强]']",1
"['[胸部,平扫+增强]', '[其他]']",2
"['[胸部,平扫]', '[肺结节,胸腔镜术前引导]']",2
"['[冠状动脉三维重建,平扫+增强]', '[胸部,平扫+增强]', '[腹部（肝胆脾胰）,平扫+增强]', '[肾脏,平扫+增强]']",4
"['[胸部,平扫+增强]', '[冠脉造影]']",2
"['[胸部,平扫]', '[肺结节,三维重建]']",2
"['[冠状动脉三维重建,平扫+增强]', '[胸部,平扫]', '[肺结节,胸腔镜术前引导]']",3
"['[胸部,平扫]']",1
"['[胸部,平扫+增强]', '[冠状动脉三维重建,平扫+增强]', '[肺结节,三维重建]']",3
"['[胸部,平扫+增强]']",1
"['[胸部,平扫+增强]', '[冠状动脉三维重建,平扫+增强]']",2
"['[冠状动脉三维重建,平扫+增强]', '[肺动脉造影重构,平扫+增强]', '[肺结节,三维重建]']",3
"['[胸部,平扫+增强]']",1
"['[冠脉造影]', '[胸部,平扫+增强]']",2
"['[冠脉造影]', '[胸部,增强]']",2
"['[胸部,平扫]', '[肺结节,三维重建]']",2
"['[上腹部,平扫+增强]', '[下腹部,平扫+增强]', '[胸部,平扫+增强]']",3
"['[胸部,平扫]']",1
"['[胸部,平扫+增强]', '[其他]']",2
"['[胸部,平扫]']",1
"['[胸部,平扫+增强]']",1
"['[胸部,平扫+增强]', '[肺结节,三维重建]']",2
"['[胸部,平扫+增强]', '[副鼻窦,平扫]']",2
"['[胸部,平扫+增强]', '[肺结节,胸腔镜术前引导]']",2
"['[胸部,平扫+增强]']",1
"['[胸部,平扫+增强]', '[肺结节,三维重建]']",2
"['[胸部,平扫+增强]']",1
"['[肺动脉造影重构,平扫+增强]']",1
"['[胸部,平扫]', '[肺结节,三维重建]']",2
"['[冠状动脉三维重建,平扫+增强]', '[肾上腺,平扫+增强]', '[胸部,平扫+增强]', '[肺结节,胸腔镜术前引导]']",4
"['[胸部,平扫]', '[肺结节,三维重建]']",2
"['[腹部（肝胆脾胰）,平扫+增强]', '[冠状动脉三维重建,平扫+增强]', '[胸部,平扫+增强]', '[肾脏,平扫+增强]']",4
"['[冠状动脉,增强+三维重建]', '[肺结节,胸腔镜术前引导]', '[胸部,平扫+增强]']",3
"['[胸部,平扫+增强]']",1
"['[胸部,平扫]', '[肺结节,胸腔镜术前引导]']",2
"['[腹部（肝胆脾胰）,平扫+增强]', '[肾上腺,平扫+增强]', '[胸部,平扫+增强]', '[肺结节,三维重建]']",4
"['[胸部,平扫+增强]', '[腹部（肝胆脾胰）,平扫+增强]', '[肾脏,平扫+增强]']",3
"['[胸部,平扫]']",1
"['[胸部,平扫+增强]', '[肺结节,胸腔镜术前引导]']",2
"['[胸部,平扫]', '[肺结节,三维重建]']",2
"['[胸部,平扫]']",1
"['[冠状动脉三维重建,平扫+增强]', '[胸部,平扫+增强]']",2
"['[腹部（肝胆脾胰）,平扫+增强]', '[下腹部,平扫+增强]', '[胸部,平扫+增强]']",3
"['[胸部,平扫]', '[肺结节,胸腔镜术前引导]']",2
"['[胸部,平扫]', '[肺结节,胸腔镜术前引导]']",2
"['[胸部,平扫]', '[肺结节,胸腔镜术前引导]']",2
"['[胸部,平扫]']",1
"['[胸部,平扫+增强]', '[冠脉造影]', '[肺结节,胸腔镜术前引导]']",3
"['[胸部,平扫]', '[肺结节,胸腔镜术前引导]']",2
"['[胸部,平扫+增强]']",1
"['[胸部,平扫+增强]', '[上腹部,平扫+增强]', '[下腹部,平扫+增强]']",3
"['[胸部,平扫+增强]', '[肺结节,三维重建]']",2
"['[冠状动脉三维重建,平扫+增强]', '[肺结节,三维重建]']",2
"['[胸部,平扫]']",1
"['[胸部,平扫+增强]', '[上腹部,平扫+增强]', '[肾上腺,平扫+增强]', '[冠状动脉三维重建,平扫+增强]']",4
"['[胸部,平扫+增强]']",1
"['[胸部,平扫+增强]']",1
"['[胸部,平扫+增强]', '[肺结节,胸腔镜术前引导]']",2
"['[腹部（肝胆脾胰）,平扫+增强]', '[下腹部,平扫+增强]', '[胸部,平扫+增强]']",3
"['[胸部,平扫]', '[肺结节,三维重建]']",2
"['[胸部,平扫]']",1
"['[胸部,平扫]']",1
"['[胸部,平扫+增强]', '[上腹部,平扫+增强]', '[下腹部,平扫+增强]']",3
"['[冠状动脉三维重建,平扫+增强]', '[胸部,平扫+增强]', '[肺结节,三维重建]']",3
"['[胸部,平扫+增强]']",1
"['[胸部,平扫+增强]', '[肺结节,三维重建]']",2
"['[胸部,平扫+增强]', '[上腹部,平扫+增强]', '[下腹部,平扫+增强]']",3
"['[胸部,平扫]', '[肺结节,胸腔镜术前引导]']",2
"['[冠状动脉三维重建,平扫+增强]', '[胸部,平扫+增强]', '[肺结节,三维重建]']",3
"['[冠状动脉三维重建,平扫+增强]', '[胸部,平扫+增强]']",2
"['[胸部,平扫+增强]', '[冠状动脉三维重建,平扫+增强]']",2
"['[胸部,平扫]', '[肺结节,胸腔镜术前引导]']",2
"['[胸部,平扫]']",1
"['[胸部,平扫]']",1
"['[胸部,平扫+增强]']",1
"['[胸部,平扫]']",1
"['[胸部,平扫]']",1
"['[胸部,平扫+增强]', '[副鼻窦,平扫]']",2
"['[腹部（肝胆脾胰）,平扫+增强]', '[下腹部,平扫+增强]', '[冠状动脉三维重建,平扫+增强]', '[胸部,平扫+增强]']",4
"['[胸部,平扫]', '[肺结节,胸腔镜术前引导]']",2
"['[冠状动脉三维重建,平扫+增强]', '[胸部,平扫+增强]']",2
"['[胸部,平扫]']",1
"['[胸部,平扫+增强]', '[副鼻窦,平扫+三维重建]']",2
"['[胸部,平扫+增强]', '[冠状动脉三维重建,平扫+增强]']",2
"['[颈部,平扫]', '[气管支气管重建,三维]']",2
"['[冠状动脉三维重建,平扫+增强]', '[胸部,平扫+增强]', '[肺结节,三维重建]']",3
"['[冠状动脉三维重建,平扫+增强]', '[胸部,平扫+增强]']",2
"['[胸部,平扫+增强]', '[冠状动脉三维重建]', '[肺结节,三维重建]']",3
"['[胸部,平扫+增强]']",1
"['[冠状动脉三维重建,平扫+增强]', '[胸部,平扫+增强]']",2
"['[胸部,平扫]']",1
"['[胸部,平扫+增强]', '[上腹部,平扫+增强]', '[下腹部,平扫+增强]']",3
"['[冠状动脉三维重建]', '[胸部,平扫+增强]', '[肺结节,三维重建]']",3
"['[胸部,平扫+增强]', '[冠状动脉三维重建]', '[肺结节,三维重建]']",3
"['[胸部,平扫+增强]']",1
"['[胸部,平扫+增强]', '[冠状动脉三维重建,平扫+增强]']",2
"['[胸部,平扫+增强]', '[肺结节,三维重建]']",2
"['[胸部,平扫+增强]', '[肾脏,平扫+增强]', '[腹部（肝胆脾胰）,平扫+增强]']",3
"['[肺结节,胸腔镜术前引导]', '[胸部,平扫]']",2
"['[胸部,平扫+增强]', '[肺结节,三维重建]']",2
"['[胸部,平扫+增强]']",1
"['[胸部,平扫]']",1
"['[胸部,平扫]']",1
"['[冠状动脉三维重建,平扫+增强]', '[胸部,平扫+增强]', '[肺结节,三维重建]']",3
"['[胸部,平扫+增强]']",1
"['[胸部,平扫+增强]', '[肺结节,三维重建]']",2
"['[胸部,平扫]', '[肺结节,胸腔镜术前引导]']",2
"['[肺结节,胸腔镜术前引导]', '[胸部,平扫]']",2
"['[冠状动脉三维重建]', '[胸部,平扫+增强]', '[肺结节,三维重建]']",3
"['[胸部,平扫+增强]', '[上腹部,平扫+增强]', '[下腹部,平扫+增强]']",3
"['[冠状动脉三维重建,平扫+增强]', '[胸部,平扫+增强]', '[肺结节,三维重建]']",3
"['[胸部,平扫]', '[肺结节,胸腔镜术前引导]']",2
"['[冠状动脉三维重建,平扫+增强]', '[胸部,平扫]']",2
"['[肺动脉造影重构,平扫+增强]']",1
"['[胸部,平扫]', '[肺结节,三维重建]']",2
"['[胸部,平扫+增强]']",1
"['[胸部,平扫]', '[肺结节,三维重建]']",2
"['[冠脉造影]', '[胸部,平扫+增强]', '[上腹部,平扫+增强]', '[肾上腺,平扫+增强]', '[甲状腺,平扫+增强]']",5
"['[胸部,平扫+增强]', '[其他]']",2
"['[腹部（肝胆脾胰）,平扫+增强]', '[胸部,平扫+增强]', '[下腹部,平扫+增强]', '[冠状动脉三维重建,平扫+增强]']",4
"['[胸部,平扫]']",1
"['[胸部,平扫]', '[肺结节,胸腔镜术前引导]']",2
"['[胸部,平扫+增强]', '[肺结节,胸腔镜术前引导]', '[冠状动脉三维重建,平扫+增强]']",3
"['[冠脉造影]', '[胸部,平扫+增强]', '[肾脏,平扫+增强]', '[上腹部,平扫+增强]']",4
"['[肺结节,胸腔镜术前引导]', '[胸部,平扫+增强]']",2
"['[胸部,平扫+增强]', '[冠状动脉三维重建,增强]', '[肺结节,三维重建]']",3
"['[胸部,平扫+增强]', '[冠状动脉三维重建,平扫+增强]', '[肺结节,三维重建]']",3
"['[腹部（肝胆脾胰）,平扫+增强]', '[下腹部,平扫+增强]', '[胸部,平扫+增强]', '[冠状动脉三维重建,平扫+增强]']",4
"['[冠状动脉三维重建,平扫+增强]', '[胸部,平扫+增强]']",2
"['[胸部,平扫]']",1
"['[胸部,平扫+增强]', '[肺结节,三维重建]']",2
"['[冠脉造影]', '[肺结节,胸腔镜术前引导]']",2
"['[冠状动脉三维重建,平扫+增强]', '[胸部,平扫+增强]', '[肺结节,三维重建]']",3
"['[胸部,平扫]']",1
"['[胸部,平扫]']",1
"['[胸部,平扫+增强]']",1
"['[胸部,平扫]', '[肺结节,三维重建]']",2
"['[胸部,平扫]']",1
"['[胸部,平扫]', '[肺结节,胸腔镜术前引导]']",2
"['[胸部,平扫+增强]', '[冠状动脉三维重建,平扫+增强]', '[肺结节,三维重建]']",3
"['[胸部,平扫+增强]', '[肺结节,三维重建]']",2
"['[胸部,平扫]', '[肺结节,三维重建]']",2
"['[胸部,平扫+增强]']",1
"['[肺结节,胸腔镜术前引导]', '[胸部,平扫]']",2
"['[胸部,平扫]']",1
"['[胸部,平扫]', '[肺结节,胸腔镜术前引导]']",2
"['[腹部（肝胆脾胰）,平扫+增强]', '[肾上腺,平扫+增强]', '[胸部,平扫+增强]']",3
"['[胸部,平扫]', '[肺结节,三维重建]']",2
"['[胸部,平扫]', '[肺结节,三维重建]']",2
"['[胸部,平扫]', '[肺结节,胸腔镜术前引导]']",2
"['[胸部,平扫]']",1
"['[胸部,平扫+增强]', '[上腹部,平扫+增强]', '[下腹部,平扫+增强]', '[冠状动脉三维重建,平扫+增强]']",4
"['[胸部,平扫]', '[肺结节,胸腔镜术前引导]']",2
"['[胸部,平扫+增强]', '[冠状动脉,增强+三维重建]', '[肺结节,三维重建]']",3
"['[胸部,平扫]']",1
"['[胸部,平扫+增强]', '[冠状动脉三维重建,平扫+增强]', '[肺结节,胸腔镜术前引导]']",3
"['[冠状动脉三维重建,平扫+增强]', '[胸部,平扫]']",2
"['[冠状动脉三维重建,平扫+增强]', '[胸部,平扫+增强]', '[肺结节,三维重建]']",3
"['[胸部,平扫+增强]', '[腹部（肝胆脾胰）,平扫+增强]', '[下腹部,平扫+增强]']",3
"['[胸部,平扫+增强]', '[肺动脉造影重构,平扫+增强]']",2
"['[腹部（肝胆脾胰）,平扫]', '[下腹部,平扫]', '[胸部,平扫]']",3
"['[胸部,平扫]']",1
"['[胸部,平扫+增强]', '[其他]']",2
"['[冠状动脉三维重建,平扫+增强]', '[胸部,平扫+增强]']",2
"['[胸部,平扫]']",1
"['[肺结节,三维重建]', '[胸部,平扫]']",2
"['[胸部,平扫+增强]']",1
"['[胸部,平扫]']",1
"['[冠脉造影]', '[胸部,平扫+增强]', '[上腹部,平扫+增强]', '[肾脏,平扫+增强]']",4
"['[胸部,平扫+增强]']",1
"['[胸部,平扫+增强]']",1
"['[胸部,平扫+增强]', '[上腹部,平扫+增强]', '[下腹部,平扫+增强]']",3
"['[胸部,平扫+增强]', '[冠状动脉三维重建,平扫+增强]', '[肺结节,三维重建]']",3
"['[胸部,平扫]', '[肺结节,三维重建]']",2
"['[胸部,平扫+增强]', '[上腹部,平扫+增强]', '[下腹部,平扫+增强]']",3
"['[胸部,平扫]']",1
"['[冠状动脉三维重建,平扫+增强]', '[胸部,平扫+增强]', '[肺结节,三维重建]']",3
"['[胸部,平扫]']",1
"['[胸部,平扫]']",1
"['[下腹部,平扫+增强]', '[上腹部,平扫+增强]', '[胸部,平扫+增强]']",3
"['[胸部,平扫+增强]']",1
"['[胸部,平扫+增强]']",1
"['[胸部,平扫]', '[肺结节,三维重建]']",2
"['[腹部（肝胆脾胰）,平扫+增强]', '[肾脏,平扫+增强]', '[胸部,增强]']",3
"['[胸部,平扫+增强]', '[冠状动脉三维重建,平扫+增强]']",2
"['[胸部,平扫+增强]']",1
"['[腹部（肝胆脾胰）,平扫+增强]', '[肾上腺,平扫+增强]', '[胸部,平扫+增强]', '[肺结节,三维重建]']",4
"['[胸部,平扫+增强]']",1
"['[胸部,平扫+增强]']",1
"['[胸部,平扫+增强]']",1
"['[冠脉造影]', '[胸部,平扫+增强]', '[肺结节,胸腔镜术前引导]']",3
"['[胸部,平扫]']",1
"['[冠状动脉三维重建,平扫+增强]', '[胸部,平扫+增强]']",2
"['[胸部,平扫+增强]']",1
"['[胸部,平扫+增强]']",1
"['[胸部,平扫]', '[肺结节,三维重建]']",2
"['[肺结节,三维重建]', '[胸部,平扫]']",2
"['[胸部,平扫+增强]']",1
"['[胸部,平扫]', '[肺结节,三维重建]']",2
"['[胸部,平扫+增强]']",1
"['[胸部,平扫]']",1
"['[胸部,平扫]']",1
"['[胸部,平扫]']",1
"['[胸部,平扫+增强]']",1
"['[胸部,平扫]']",1
"['[胸部,平扫]']",1
"['[胸部,平扫+增强]']",1
"['[胸部,平扫]', '[肺结节,三维重建]']",2
"['[冠状动脉,增强+三维重建]', '[胸部,平扫+增强]']",2
"['[胸部,平扫+增强]', '[冠状动脉,增强+三维重建]']",2
"['[胸部,平扫+增强]']",1
"['[胸部,平扫]']",1
"['[胸部,平扫]']",1
"['[冠状动脉三维重建,平扫+增强]', '[胸部,平扫+增强]']",2
"['[胸部,平扫]']",1
"['[胸部,平扫]']",1
"['[胸部,平扫+增强]']",1
"['[胸部,平扫+增强]']",1
"['[胸部,平扫]']",1
"['[胸部,平扫]', '[肺结节,胸腔镜术前引导]']",2
"['[胸部,平扫+增强]', '[冠状动脉三维重建,平扫+增强]']",2
"['[胸部,平扫+增强]']",1
"['[胸部,平扫]']",1
"['[肺动脉造影重构,平扫+增强]']",1
"['[胸部,平扫+增强]']",1
"['[胸部,平扫+增强]']",1
"['[胸部,平扫]', '[肺结节,三维重建]']",2
"['[胸部,平扫]']",1
"['[胸部,平扫+增强]']",1
"['[胸部,平扫]']",1
"['[胸部,平扫]']",1
"['[冠状动脉三维重建,平扫+增强]', '[胸部,平扫+增强]']",2
"['[胸部,平扫+增强]']",1
"['[胸部,平扫]']",1
"['[胸部,平扫+增强]', '[冠状动脉,增强+三维重建]']",2
"['[胸部,平扫+增强]']",1
"['[胸部,平扫+增强]']",1
"['[胸部,平扫+增强]']",1
"['[胸部,平扫]']",1
"['[胸部,平扫]']",1
"['[胸部,平扫+增强]', '[冠状动脉,增强+三维重建]']",2
"['[胸部,平扫]']",1
"['[胸部,平扫+增强]']",1
"['[胸部,平扫+增强]']",1
"['[冠状动脉三维重建,平扫+增强]', '[胸部,平扫+增强]']",2
"['[胸部,平扫+增强]']",1
"['[胸部,平扫+增强]', '[冠状动脉三维重建,平扫+增强]', '[肾脏,平扫+增强]', '[腹部（肝胆脾胰）,平扫+增强]']",4
"['[胸部,平扫]']",1
"['[冠状动脉三维重建,平扫+增强]', '[胸部,平扫+增强]']",2
"['[胸部,平扫+增强]']",1
